,t,ticks,I
0,48352279,434,0
1,48354801,444,291
2,48357496,461,291
3,48360200,483,718
4,48362895,509,476
5,48365591,538,476
6,48368286,569,315
7,48370990,602,315
8,48373686,636,218
9,48376389,672,162
10,48379094,708,162
11,48381789,746,113
12,48384484,783,113
13,48387179,821,93
14,48389789,859,61
15,48392397,896,61
16,48395005,934,52
17,48397614,972,52
18,48400223,1010,42
19,48402918,1051,42
20,48405622,1090,35
21,48408326,1130,26
22,48411030,1170,26
23,48413725,1210,30
24,48416431,1251,30
25,48419133,1291,28
26,48421837,1331,24
27,48424533,1371,24
28,48427228,1411,21
29,48429923,1452,21
30,48432628,1492,19
31,48435323,1532,15
32,48438018,1573,15
33,48440714,1613,12
34,48443409,1654,12
35,48446104,1694,15
36,48448799,1734,15
37,48451495,1775,12
38,48454190,1815,15
39,48456894,1855,15
40,48459589,1895,12
41,48462285,1935,12
42,48464980,1975,18
43,48467675,2015,10
44,48470371,2055,10
45,48473066,2094,14
46,48475762,2134,14
47,48478457,2174,15
48,48481152,2213,15
49,48483848,2253,15
50,48486543,2292,11
51,48489238,2332,11
52,48491933,2371,15
53,48494637,2410,14
54,48497333,2450,14
55,48500028,2488,13
56,48502723,2528,13
57,48505419,2566,13
58,48508114,2605,13
59,48510810,2644,17
60,48513514,2683,15
61,48516209,2722,15
62,48518904,2760,13
63,48521608,2798,13
64,48524312,2837,15
65,48527008,2875,17
66,48529703,2914,17
67,48532407,2952,14
68,48535111,2990,14
69,48537806,3028,13
70,48540501,3065,18
71,48543205,3103,18
72,48545909,3141,17
73,48548605,3178,17
74,48551300,3216,14
75,48553996,3253,16
76,48556699,3290,16
77,48559404,3327,19
78,48562099,3365,19
79,48564794,3401,17
80,48567489,3438,16
81,48570185,3475,16
82,48572880,3511,21
83,48575576,3548,21
84,48578271,3583,20
85,48580966,3620,20
86,48583661,3656,18
87,48586357,3692,18
88,48589052,3728,18
89,48591756,3763,23
90,48594460,3799,23
91,48597156,3834,20
92,48599851,3870,22
93,48602546,3904,22
94,48605251,3940,22
95,48607945,3975,22
96,48610641,4010,27
97,48613345,4044,20
98,48616040,4079,20
99,48618736,4113,25
100,48621431,4147,25
101,48624126,4182,24
102,48626830,4215,27
103,48629526,4250,27
104,48632229,4283,24
105,48634934,4317,24
106,48637629,4350,26
107,48640324,4384,26
108,48643019,4417,29
109,48645716,4450,26
110,48648410,4483,26
111,48651114,4516,30
112,48653818,4548,30
113,48656514,4581,29
114,48659226,4613,32
115,48661923,4645,32
116,48664626,4677,29
117,48667330,4709,29
118,48670034,4741,32
119,48672737,4773,35
120,48675433,4804,35
121,48678128,4836,30
122,48680824,4866,30
123,48683519,4898,34
124,48686214,4928,33
125,48688910,4959,33
126,48691605,4990,37
127,48694300,5021,37
128,48697004,5050,33
129,48699699,5081,33
130,48702395,5111,34
131,48705090,5141,39
132,48707785,5170,39
133,48710481,5200,35
134,48713176,5229,35
135,48715871,5258,38
136,48718567,5287,40
137,48721262,5316,40
138,48723957,5345,39
139,48726653,5374,39
140,48729350,5403,41
141,48732052,5431,38
142,48734748,5459,38
143,48737443,5487,39
144,48740138,5515,39
145,48742833,5543,42
146,48745529,5570,41
147,48748224,5598,41
148,48750919,5625,43
149,48753624,5652,43
150,48756319,5679,41
151,48759014,5706,41
152,48761710,5733,44
153,48764413,5759,45
154,48767109,5786,45
155,48769813,5812,41
156,48772508,5838,41
157,48775212,5864,44
158,48777916,5890,47
159,48780611,5915,47
160,48783307,5941,44
161,48786003,5966,44
162,48788706,5992,44
163,48791401,6016,50
164,48794097,6042,50
165,48796792,6066,44
166,48799488,6091,44
167,48802191,6115,44
168,48804887,6139,48
169,48807582,6164,48
170,48810286,6188,48
171,48812982,6211,48
172,48815677,6235,46
173,48818372,6259,46
174,48821085,6282,48
175,48823781,6306,50
176,48826475,6329,50
177,48829171,6352,47
178,48831866,6375,47
179,48834561,6398,49
180,48837257,6421,49
181,48839952,6443,49
182,48842648,6465,48
183,48845351,6488,48
184,48848047,6510,48
185,48850742,6531,50
186,48853437,6553,50
187,48856133,6575,48
188,48858828,6596,48
189,48861523,6618,48
190,48864227,6639,50
191,48866923,6660,50
192,48869618,6681,48
193,48872314,6702,48
194,48875009,6722,50
195,48877704,6743,50
196,48880408,6763,50
197,48883103,6784,51
198,48885799,6804,51
199,48888495,6824,49
200,48891198,6844,49
201,48893893,6864,49
202,48896589,6883,49
203,48899293,6903,49
204,48901997,6922,49
205,48904701,6942,49
206,48907405,6961,50
207,48910100,6980,49
208,48912796,6999,49
209,48915491,7018,50
210,48918186,7036,50
211,48920882,7055,51
212,48923577,7074,49
213,48926281,7092,49
214,48928985,7110,46
215,48931680,7129,46
216,48934375,7146,49
217,48937071,7164,50
218,48939766,7182,50
219,48942470,7200,49
220,48945185,7218,49
221,48947895,7235,47
222,48950600,7253,47
223,48953304,7270,50
224,48956007,7287,49
225,48958711,7304,49
226,48961415,7321,47
227,48964120,7338,47
228,48966824,7355,46
229,48969527,7372,48
230,48972231,7389,48
231,48974936,7405,48
232,48977648,7421,48
233,48980352,7438,47
234,48983056,7454,47
235,48985769,7470,47
236,48988473,7486,48
237,48991177,7502,48
238,48993881,7518,47
239,48996585,7534,47
240,48999298,7550,47
241,49002003,7566,48
242,49004714,7581,48
243,49007418,7597,46
244,49010122,7612,44
245,49012826,7627,44
246,49015530,7643,46
247,49018243,7658,46
248,49020947,7673,48
249,49023651,7688,46
250,49026355,7703,46
251,49029068,7718,45
252,49031772,7733,45
253,49034475,7748,46
254,49037179,7763,46
255,49039892,7777,46
256,49042596,7792,46
257,49045300,7806,46
258,49048004,7821,46
259,49050708,7835,46
260,49053412,7850,45
261,49056116,7864,46
262,49058829,7878,46
263,49061542,7893,44
264,49064245,7907,44
265,49066949,7921,46
266,49069654,7935,45
267,49072358,7949,45
268,49075061,7963,44
269,49077766,7977,44
270,49080469,7991,44
271,49083174,8004,46
272,49085877,8018,46
273,49088582,8032,47
274,49091286,8046,47
275,49093991,8060,44
276,49096702,8073,45
277,49099406,8087,45
278,49102110,8101,45
279,49104814,8114,45
280,49107518,8128,44
281,49110222,8142,44
282,49112926,8155,44
283,49115630,8169,45
284,49118334,8182,45
285,49121038,8196,45
286,49123742,8209,45
287,49126446,8223,44
288,49129150,8236,45
289,49131854,8249,45
290,49134560,8263,47
291,49137271,8276,47
292,49139975,8290,45
293,49142679,8303,45
294,49145383,8317,45
295,49148087,8330,47
296,49150791,8344,47
297,49153495,8357,45
298,49156199,8371,46
299,49158903,8384,46
300,49161607,8398,45
301,49164319,8411,45
302,49167024,8425,45
303,49169736,8438,46
304,49172440,8451,46
305,49175144,8465,47
306,49177848,8479,47
307,49180552,8492,46
308,49183256,8505,46
309,49185960,8519,46
310,49188664,8533,47
311,49191368,8546,47
312,49194072,8560,49
313,49196776,8573,49
314,49199480,8587,47
315,49202184,8601,47
316,49204888,8615,47
317,49207592,8628,48
318,49210296,8642,48
319,49213002,8656,46
320,49215713,8670,49
321,49218417,8684,49
322,49221121,8698,49
323,49223825,8712,49
324,49226529,8726,50
325,49229233,8741,48
326,49231937,8754,48
327,49234641,8768,48
328,49237345,8783,48
329,49240049,8797,50
330,49242753,8812,51
331,49245457,8826,51
332,49248161,8840,50
333,49250865,8855,50
334,49253569,8870,50
335,49256273,8884,51
336,49258986,8899,51
337,49261689,8914,50
338,49264402,8929,50
339,49267106,8944,51
340,49269810,8959,51
341,49272514,8974,52
342,49275227,8989,52
343,49277933,9004,52
344,49280644,9019,52
345,49283356,9035,52
346,49286069,9050,55
347,49288773,9066,54
348,49291477,9081,54
349,49294181,9097,54
350,49296885,9113,54
351,49299589,9129,53
352,49302302,9144,55
353,49305006,9161,55
354,49307710,9177,55
355,49310414,9193,55
356,49313118,9209,56
357,49315822,9225,57
358,49318525,9242,57
359,49321230,9258,56
360,49323933,9275,56
361,49326638,9292,57
362,49329341,9309,58
363,49332045,9326,58
364,49334749,9342,57
365,49337454,9360,57
366,49340158,9377,57
367,49342861,9394,57
368,49345565,9411,57
369,49348269,9429,58
370,49350974,9447,58
371,49353686,9464,59
372,49356390,9482,59
373,49359094,9500,60
374,49361798,9518,60
375,49364502,9536,60
376,49367206,9555,59
377,49369910,9573,59
378,49372623,9592,59
379,49375327,9610,63
380,49378040,9629,63
381,49380744,9648,60
382,49383448,9667,60
383,49386152,9686,59
384,49388855,9705,62
385,49391559,9724,62
386,49394264,9744,64
387,49396967,9764,64
388,49399671,9783,61
389,49402376,9803,63
390,49405080,9823,63
391,49407783,9843,62
392,49410487,9863,62
393,49413200,9884,62
394,49415904,9904,63
395,49418608,9925,63
396,49421312,9946,63
397,49424025,9966,63
398,49426738,9987,64
399,49429441,10009,64
400,49432232,10030,62
401,49435023,10052,62
402,49437813,10075,62
403,49440604,10097,64
404,49443395,10119,65
405,49446186,10142,65
406,49448976,10165,62
407,49451767,10188,62
408,49454558,10211,65
409,49457348,10234,63
410,49460139,10257,63
411,49462938,10281,65
412,49465729,10304,65
413,49468519,10329,66
414,49471310,10353,65
415,49474101,10377,65
416,49476900,10401,65
417,49479691,10425,65
418,49482481,10450,59
419,49485272,10475,62
420,49488072,10500,62
421,49490862,10525,67
422,49493662,10550,63
423,49496452,10576,63
424,49499251,10601,64
425,49502042,10627,64
426,49504833,10653,65
427,49507624,10679,61
428,49510414,10705,61
429,49513214,10732,61
430,49516004,10758,61
431,49518795,10785,61
432,49521585,10811,62
433,49524376,10838,62
434,49527167,10865,62
435,49529957,10892,65
436,49532748,10920,65
437,49535539,10947,60
438,49538330,10975,60
439,49541120,11003,61
440,49543919,11031,64
441,49546710,11059,64
442,49549501,11087,61
443,49552291,11116,61
444,49555082,11144,59
445,49557873,11173,60
446,49560663,11202,60
447,49563463,11232,60
448,49566253,11261,60
449,49569044,11290,60
450,49571835,11320,56
451,49574625,11350,56
452,49577425,11379,57
453,49580215,11410,60
454,49583006,11440,60
455,49585797,11470,54
456,49588587,11501,54
457,49591378,11531,57
458,49594169,11562,58
459,49596968,11593,58
460,49599759,11624,54
461,49602549,11656,54
462,49605340,11687,58
463,49608139,11719,53
464,49610930,11751,53
465,49613721,11783,56
466,49616520,11815,56
467,49619311,11847,51
468,49622101,11880,50
469,49624892,11912,50
470,49627683,11945,55
471,49630482,11978,52
472,49633273,12011,52
473,49636063,12044,51
474,49638854,12077,51
475,49641653,12111,48
476,49644446,12145,50
477,49647243,12178,50
478,49650034,12212,50
479,49652825,12246,50
480,49655615,12280,47
481,49658408,12315,50
482,49661206,12349,50
483,49663996,12384,47
484,49666795,12419,47
485,49669595,12454,47
486,49672385,12489,43
487,49675176,12524,43
488,49677967,12560,47
489,49680758,12595,43
490,49683548,12631,43
491,49686339,12666,42
492,49689130,12702,42
493,49691920,12738,44
494,49694711,12775,44
495,49697502,12811,44
496,49700292,12847,40
497,49703083,12884,40
498,49705873,12920,37
499,49708666,12958,46
500,49711464,12994,46
501,49714263,13032,37
502,49717053,13069,39
503,49719844,13106,39
504,49722643,13144,37
505,49725434,13181,37
506,49728233,13219,41
507,49731024,13257,32
508,49733815,13295,32
509,49736614,13333,36
510,49739405,13371,36
511,49742196,13410,36
512,49744987,13448,36
513,49747777,13487,36
514,49750576,13526,30
515,49753369,13564,30
516,49756166,13603,35
517,49758957,13642,34
518,49761748,13681,34
519,49764547,13721,31
520,49767338,13760,28
521,49770128,13799,28
522,49772928,13839,36
523,49775718,13879,36
524,49778518,13919,31
525,49781308,13958,29
526,49784099,13998,29
527,49786890,14038,28
528,49789680,14078,28
529,49792471,14119,32
530,49795261,14159,26
531,49798061,14199,26
532,49800852,14240,29
533,49803642,14280,27
534,49806433,14321,27
535,49809241,14362,31
536,49812032,14402,31
537,49814831,14444,22
538,49817622,14485,27
539,49820421,14525,27
540,49823220,14567,25
541,49826011,14608,25
542,49828802,14649,27
543,49831601,14691,20
544,49834391,14732,20
545,49837182,14773,28
546,49839981,14815,28
547,49842772,14857,25
548,49845563,14898,22
549,49848362,14940,22
550,49851155,14982,22
551,49853953,15024,25
552,49856743,15066,25
553,49859534,15107,22
554,49862324,15149,22
555,49865115,15191,20
556,49867905,15233,23
557,49870696,15275,23
558,49873487,15318,22
559,49876279,15360,22
560,49879068,15402,20
561,49881868,15444,17
562,49884667,15486,17
563,49887458,15529,24
564,49890248,15571,24
565,49893039,15613,20
566,49895830,15656,21
567,49898620,15698,21
568,49901421,15741,18
569,49904219,15783,24
570,49907009,15826,24
571,49909800,15868,16
572,49912591,15911,16
573,49915390,15953,18
574,49918190,15996,20
575,49920989,16039,20
576,49923781,16081,18
577,49926579,16124,18
578,49929378,16166,16
579,49932169,16209,16
580,49934959,16251,16
581,49937750,16294,22
582,49940541,16336,14
583,49943332,16379,14
584,49946131,16422,18
585,49948923,16464,18
586,49951721,16507,18
587,49954511,16549,22
588,49957302,16592,22
589,49960093,16634,13
590,49962884,16677,13
591,49965683,16719,17
592,49968474,16762,16
593,49971273,16805,16
594,49974063,16847,14
595,49976863,16889,14
596,49979654,16932,15
597,49982444,16974,16
598,49985235,17017,16
599,49988027,17059,19
600,49990825,17101,11
601,49993615,17144,11
602,49996406,17186,15
603,49999197,17228,15
604,50001996,17270,15
605,50004797,17313,16
606,50007595,17355,16
607,50010386,17397,11
608,50013176,17439,11
609,50015975,17481,16
610,50018783,17523,15
611,50021574,17565,15
612,50024365,17607,11
613,50027156,17648,11
614,50029946,17690,11
615,50032738,17732,15
616,50035536,17773,15
617,50038327,17815,13
618,50041117,17856,11
619,50043909,17898,11
620,50046699,17939,16
621,50049498,17980,16
622,50052306,18022,13
623,50055097,18063,13
624,50057896,18103,13
625,50060687,18145,9
626,50063391,18184,9
627,50066104,18224,17
628,50068895,18264,12
629,50071685,18305,12
630,50074476,18345,14
631,50077275,18386,11
632,50080066,18426,11
633,50082856,18467,18
634,50085647,18507,18
635,50088439,18547,11
636,50091228,18587,14
637,50094027,18627,14
638,50096827,18666,14
639,50099617,18706,14
640,50102417,18746,18
641,50105208,18785,11
642,50107998,18825,11
643,50110797,18864,18
644,50113588,18903,18
645,50116379,18942,15
646,50119170,18981,17
647,50121960,19020,17
648,50124751,19058,14
649,50127542,19097,21
650,50130332,19135,21
651,50133123,19174,16
652,50135913,19212,16
653,50138705,19250,17
654,50141495,19288,17
655,50144294,19326,17
656,50147093,19364,23
657,50149884,19401,23
658,50152675,19438,16
659,50155466,19476,21
660,50158256,19513,21
661,50161047,19550,18
662,50163838,19587,18
663,50166628,19624,25
664,50169419,19660,18
665,50172219,19697,18
666,50175018,19734,23
667,50177808,19770,24
668,50180599,19806,24
669,50183390,19842,23
670,50186181,19878,23
671,50188971,19913,22
672,50191762,19949,26
673,50194552,19984,26
674,50197343,20020,27
675,50200133,20055,27
676,50202924,20090,23
677,50205715,20125,27
678,50208505,20159,27
679,50211306,20194,25
680,50214104,20228,29
681,50216895,20263,29
682,50219694,20297,26
683,50222485,20331,26
684,50225284,20364,31
685,50228075,20398,31
686,50230866,20432,31
687,50233665,20465,28
688,50236456,20498,28
689,50239246,20531,30
690,50242045,20564,34
691,50244836,20596,34
692,50247627,20629,36
693,50250426,20661,36
694,50253217,20694,29
695,50256016,20726,33
696,50258807,20758,33
697,50261606,20790,35
698,50264397,20821,32
699,50267188,20853,32
700,50269978,20884,37
701,50272769,20915,37
702,50275568,20946,37
703,50278359,20977,38
704,50281149,21008,38
705,50283940,21038,35
706,50286731,21068,35
707,50289522,21099,37
708,50292312,21128,43
709,50295103,21159,43
710,50297902,21188,36
711,50300693,21218,36
712,50303483,21247,38
713,50306274,21276,42
714,50309073,21305,42
715,50311874,21334,40
716,50314664,21363,40
717,50317454,21391,40
718,50320245,21420,42
719,50323044,21448,42
720,50325843,21476,43
721,50328634,21504,44
722,50331425,21532,44
723,50334224,21559,41
724,50337015,21587,41
725,50339805,21614,44
726,50342596,21641,48
727,50345387,21668,48
728,50348177,21695,41
729,50350968,21722,43
730,50353759,21748,43
731,50356550,21774,47
732,50359340,21800,47
733,50362131,21826,44
734,50364921,21852,46
735,50367712,21878,46
736,50370503,21903,47
737,50373293,21928,47
738,50376084,21953,43
739,50378883,21979,48
740,50381674,22003,48
741,50384465,22028,50
742,50387256,22053,50
743,50390046,22077,50
744,50392837,22102,48
745,50395627,22126,48
746,50398418,22150,48
747,50401211,22174,46
748,50404010,22197,46
749,50406807,22221,46
750,50409598,22245,46
751,50412397,22267,50
752,50415188,22291,49
753,50417979,22314,49
754,50420770,22336,46
755,50423562,22359,46
756,50426359,22381,48
757,50429150,22404,51
758,50431941,22426,51
759,50434731,22448,48
760,50437522,22470,48
761,50440313,22492,47
762,50443104,22513,51
763,50445894,22534,51
764,50448685,22556,51
765,50451476,22577,48
766,50454275,22598,48
767,50457065,22619,49
768,50459856,22640,49
769,50462647,22660,51
770,50465439,22681,50
771,50468237,22701,50
772,50471028,22721,47
773,50473818,22742,47
774,50476609,22762,49
775,50479400,22781,51
776,50482190,22801,51
777,50484981,22821,47
778,50487771,22840,47
779,50490562,22859,48
780,50493353,22878,51
781,50496143,22897,51
782,50498934,22916,50
783,50501733,22935,48
784,50504524,22954,48
785,50507315,22972,48
786,50510105,22991,48
787,50512896,23010,49
788,50515687,23028,49
789,50518477,23046,49
790,50521268,23064,48
791,50524059,23082,48
792,50526858,23099,48
793,50529657,23117,49
794,50532448,23135,49
795,50535239,23152,49
796,50538030,23170,50
797,50540820,23187,50
798,50543611,23204,48
799,50546401,23221,48
800,50549192,23238,47
801,50551983,23255,48
802,50554774,23272,48
803,50557564,23288,49
804,50560355,23305,49
805,50563154,23322,48
806,50565945,23338,46
807,50568736,23354,46
808,50571526,23370,47
809,50574317,23387,47
810,50577107,23403,48
811,50579898,23419,47
812,50582697,23435,47
813,50585488,23450,46
814,50588296,23466,45
815,50591087,23482,45
816,50593877,23497,46
817,50596668,23513,46
818,50599460,23528,46
819,50602258,23544,46
820,50605049,23559,46
821,50607840,23574,46
822,50610630,23589,46
823,50613421,23604,46
824,50616211,23619,46
825,50619003,23634,46
826,50621802,23649,47
827,50624592,23664,46
828,50627383,23679,46
829,50630174,23694,47
830,50632964,23709,47
831,50635755,23723,45
832,50638546,23738,43
833,50641336,23753,43
834,50644127,23767,45
835,50646918,23782,45
836,50649708,23796,45
837,50652499,23810,45
838,50655290,23825,45
839,50658089,23839,45
840,50660880,23853,45
841,50663670,23867,44
842,50666461,23881,44
843,50669251,23896,44
844,50672042,23910,47
845,50674833,23924,46
846,50677624,23938,46
847,50680414,23952,44
848,50683205,23966,44
849,50685995,23980,43
850,50688795,23994,43
851,50691586,24008,43
852,50694376,24022,46
853,50697167,24036,46
854,50699957,24050,46
855,50702748,24064,44
856,50705539,24078,44
857,50708330,24092,45
858,50711120,24105,45
859,50713920,24119,46
860,50716710,24133,46
861,50719501,24147,46
862,50722291,24161,45
863,50725082,24175,46
864,50727873,24188,46
865,50730664,24202,46
866,50733454,24216,46
867,50736245,24230,45
868,50739035,24244,46
869,50741826,24258,46
870,50744617,24272,44
871,50747408,24286,44
872,50750198,24300,46
873,50752989,24314,48
874,50755779,24328,48
875,50758570,24342,45
876,50761361,24356,45
877,50764152,24370,47
878,50766942,24384,48
879,50769733,24398,48
880,50772523,24412,47
881,50775314,24426,48
882,50778105,24441,48
883,50780895,24455,48
884,50783686,24469,48
885,50786477,24484,48
886,50789276,24498,48
887,50792067,24512,48
888,50794857,24527,48
889,50797648,24542,48
890,50800439,24556,48
891,50803229,24571,50
892,50806038,24586,50
893,50808828,24601,50
894,50811619,24615,51
895,50814409,24630,51
896,50817200,24645,51
897,50819991,24660,51
898,50822781,24675,51
899,50825572,24690,50
900,50828363,24705,50
901,50831153,24721,52
902,50833944,24736,52
903,50836735,24751,51
904,50839525,24767,51
905,50842316,24782,51
906,50845107,24798,52
907,50847898,24814,52
908,50850688,24829,53
909,50853479,24845,54
910,50856278,24861,54
911,50859069,24877,53
912,50861860,24893,54
913,50864650,24909,54
914,50867442,24926,54
915,50870240,24942,54
916,50873031,24958,56
917,50875822,24975,55
918,50878612,24992,55
919,50881403,25008,53
920,50884193,25025,53
921,50886993,25042,55
922,50889794,25059,58
923,50892592,25076,58
924,50895391,25093,57
925,50898190,25111,57
926,50900981,25128,56
927,50903772,25145,57
928,50906562,25163,57
929,50909353,25181,59
930,50912144,25199,58
931,50914934,25216,58
932,50917725,25235,59
933,50920515,25253,59
934,50923306,25271,58
935,50926097,25289,60
936,50928888,25308,60
937,50931678,25326,59
938,50934469,25345,59
939,50937259,25364,60
940,50940050,25383,58
941,50942841,25402,58
942,50945632,25421,60
943,50948422,25441,62
944,50951213,25460,62
945,50954004,25479,62
946,50956794,25499,62
947,50959585,25519,61
948,50962375,25539,59
949,50965166,25559,59
950,50967957,25579,61
951,50970747,25600,61
952,50973538,25620,64
953,50976329,25641,62
954,50979128,25662,62
955,50981919,25683,63
956,50984710,25704,63
957,50987500,25725,62
958,50990291,25746,63
959,50993082,25768,63
960,50995872,25789,63
961,50998663,25811,63
962,51001454,25833,63
963,51004244,25855,62
964,51007035,25877,62
965,51009826,25899,64
966,51012616,25921,64
967,51015407,25944,64
968,51018197,25967,64
969,51020988,25989,64
970,51023779,26013,64
971,51026569,26035,62
972,51029360,26059,62
973,51032151,26082,65
974,51034942,26106,65
975,51037732,26130,66
976,51040524,26154,63
977,51043322,26178,63
978,51046122,26202,63
979,51048912,26226,65
980,51051703,26251,65
981,51054494,26276,67
982,51057284,26300,67
983,51060075,26326,63
984,51062865,26351,63
985,51065656,26376,63
986,51068447,26402,61
987,51071238,26427,61
988,51074028,26453,59
989,51076827,26479,65
990,51079619,26505,65
991,51082409,26531,65
992,51085200,26557,65
993,51087990,26584,62
994,51090790,26611,61
995,51093580,26637,61
996,51096371,26665,62
997,51099161,26691,62
998,51101952,26719,62
999,51104743,26746,64
1000,51107534,26774,64
1001,51110324,26802,62
1002,51113115,26830,59
1003,51115905,26858,59
1004,51118696,26886,63
1005,51121487,26915,63
1006,51124278,26943,58
1007,51127069,26972,57
1008,51129859,27001,57
1009,51132649,27030,64
1010,51135440,27059,59
1011,51138239,27089,59
1012,51141030,27118,57
1013,51143821,27148,57
1014,51146611,27178,60
1015,51149411,27208,58
1016,51152201,27238,58
1017,51154992,27268,58
1018,51157783,27299,58
1019,51160574,27329,54
1020,51163373,27360,57
1021,51166164,27391,57
1022,51168954,27422,59
1023,51171745,27453,59
1024,51174535,27485,51
1025,51177326,27516,55
1026,51180117,27548,55
1027,51182907,27580,58
1028,51185707,27612,54
1029,51188498,27644,54
1030,51191288,27677,54
1031,51194080,27709,54
1032,51196870,27742,50
1033,51199660,27774,52
1034,51202451,27808,52
1035,51205241,27841,48
1036,51208032,27874,48
1037,51210823,27907,49
1038,51213622,27941,54
1039,51216413,27975,54
1040,51219212,28009,47
1041,51222003,28043,47
1042,51224794,28077,49
1043,51227584,28111,46
1044,51230384,28146,46
1045,51233174,28181,52
1046,51235965,28215,43
1047,51238756,28250,43
1048,51241555,28285,44
1049,51244354,28321,44
1050,51247145,28356,48
1051,51249935,28391,44
1052,51252726,28427,44
1053,51255517,28463,43
1054,51258308,28499,43
1055,51261098,28535,40
1056,51263891,28571,47
1057,51266688,28607,47
1058,51269479,28644,40
1059,51272270,28680,42
1060,51275060,28717,42
1061,51277851,28754,39
1062,51280642,28791,39
1063,51283432,28828,43
1064,51286223,28865,34
1065,51289014,28902,34
1066,51291813,28940,39
1067,51294612,28977,39
1068,51297411,29015,38
1069,51300202,29053,39
1070,51302993,29091,39
1071,51305784,29129,37
1072,51308574,29168,37
1073,51311373,29206,34
1074,51314164,29244,32
1075,51316955,29283,32
1076,51319745,29322,34
1077,51322536,29360,36
1078,51325327,29399,36
1079,51328126,29438,31
1080,51330918,29478,31
1081,51333717,29517,31
1082,51336507,29556,34
1083,51339306,29596,34
1084,51342097,29635,31
1085,51344896,29675,31
1086,51347687,29714,28
1087,51350477,29754,31
1088,51353277,29794,31
1089,51356068,29834,32
1090,51358858,29874,26
1091,51361657,29915,26
1092,51364466,29955,27
1093,51367256,29996,27
1094,51370049,30036,29
1095,51372846,30077,27
1096,51375654,30118,27
1097,51378454,30159,25
1098,51381262,30199,25
1099,51384061,30241,30
1100,51386852,30281,26
1101,51389651,30322,26
1102,51392441,30364,26
1103,51395241,30405,26
1104,51398032,30446,22
1105,51400831,30488,29
1106,51403622,30529,29
1107,51406412,30570,23
1108,51409212,30612,24
1109,51412003,30653,24
1110,51414801,30695,23
1111,51417593,30737,23
1112,51420383,30779,27
1113,51423174,30821,19
1114,51425973,30863,19
1115,51428763,30904,24
1116,51431554,30946,24
1117,51434345,30988,24
1118,51437136,31030,23
1119,51439926,31073,23
1120,51442717,31115,19
1121,51445508,31157,19
1122,51448298,31199,21
1123,51451089,31241,23
1124,51453888,31283,23
1125,51456679,31326,17
1126,51459471,31368,22
1127,51462269,31410,22
1128,51465061,31453,21
1129,51467850,31495,21
1130,51470641,31538,24
1131,51473440,31581,15
1132,51476231,31623,15
1133,51479030,31666,21
1134,51481830,31709,21
1135,51484621,31751,19
1136,51487411,31794,19
1137,51490201,31836,19
1138,51492992,31879,16
1139,51495783,31921,20
1140,51498573,31964,20
1141,51501364,32006,20
1142,51504156,32049,20
1143,51506946,32092,14
1144,51509738,32134,18
1145,51512535,32177,18
1146,51515326,32220,17
1147,51518117,32262,17
1148,51520916,32305,19
1149,51523707,32348,14
1150,51526497,32390,14
1151,51529288,32433,21
1152,51532079,32475,21
1153,51534870,32518,18
1154,51537660,32560,14
1155,51540451,32603,14
1156,51543241,32645,13
1157,51546032,32688,18
1158,51548823,32730,18
1159,51551613,32772,15
1160,51554404,32815,15
1161,51557195,32857,13
1162,51559994,32900,16
1163,51562794,32942,16
1164,51565584,32984,16
1165,51568375,33026,16
1166,51571165,33069,15
1167,51573956,33111,11
1168,51576755,33153,11
1169,51579546,33195,18
1170,51582337,33237,12
1171,51585127,33279,12
1172,51587918,33321,14
1173,51590709,33363,14
1174,51593501,33405,11
1175,51596309,33447,18
1176,51599107,33489,18
1177,51601897,33530,11
1178,51604689,33572,11
1179,51607479,33613,12
1180,51610278,33655,15
1181,51613069,33696,15
1182,51615861,33737,15
1183,51618659,33779,15
1184,51621458,33820,11
1185,51624249,33861,10
1186,51627057,33902,10
1187,51629848,33944,16
1188,51632647,33984,12
1189,51635446,34025,12
1190,51638237,34066,13
1191,51641027,34106,13
1192,51643818,34147,13
1193,51646618,34188,18
1194,51649408,34228,18
1195,51652199,34269,8
1196,51654903,34307,8
1197,51657607,34346,15
1198,51660398,34386,15
1199,51663188,34426,15
1200,51665979,34466,16
1201,51668770,34505,16
1202,51671560,34545,10
1203,51674352,34585,18
1204,51677150,34624,18
1205,51679941,34664,14
1206,51682740,34703,16
1207,51685531,34742,16
1208,51688321,34781,11
1209,51691112,34819,11
1210,51693903,34858,20
1211,51696693,34897,15
1212,51699484,34935,15
1213,51702276,34974,18
1214,51705065,35012,18
1215,51707865,35050,15
1216,51710655,35088,23
1217,51713446,35126,23
1218,51716237,35164,13
1219,51719028,35202,13
1220,51721818,35239,20
1221,51724610,35277,20
1222,51727408,35314,20
1223,51730199,35351,22
1224,51732990,35388,17
1225,51735780,35425,17
1226,51738571,35462,22
1227,51741361,35498,22
1228,51744152,35535,24
1229,51746943,35571,21
1230,51749733,35607,21
1231,51752524,35643,20
1232,51755315,35679,20
1233,51758105,35715,25
1234,51760896,35751,27
1235,51763687,35786,27
1236,51766478,35821,20
1237,51769268,35857,26
1238,51772059,35892,26
1239,51774849,35927,26
1240,51777640,35961,26
1241,51780431,35996,28
1242,51783221,36030,24
1243,51786012,36065,24
1244,51788812,36099,29
1245,51791611,36133,29
1246,51794402,36167,30
1247,51797192,36201,27
1248,51799983,36234,27
1249,51802774,36268,30
1250,51805564,36301,30
1251,51808355,36334,29
1252,51811146,36367,31
1253,51813936,36400,31
1254,51816727,36432,28
1255,51819518,36465,36
1256,51822308,36497,36
1257,51825099,36530,36
1258,51827898,36562,36
1259,51830689,36594,31
1260,51833488,36625,35
1261,51836279,36657,35
1262,51839070,36688,33
1263,51841860,36720,33
1264,51844651,36751,36
1265,51847441,36782,35
1266,51850232,36812,35
1267,51853031,36843,37
1268,51855822,36873,40
1269,51858613,36904,40
1270,51861405,36934,33
1271,51864203,36964,33
1272,51866993,36993,39
1273,51869793,37023,44
1274,51872584,37052,44
1275,51875374,37082,38
1276,51878165,37111,38
1277,51880955,37140,41
1278,51883755,37169,41
1279,51886554,37198,41
1280,51889345,37226,42
1281,51892135,37255,42
1282,51894926,37283,42
1283,51897726,37311,40
1284,51900516,37339,40
1285,51903307,37366,44
1286,51906106,37394,45
1287,51908897,37421,45
1288,51911687,37448,41
1289,51914478,37475,41
1290,51917278,37502,45
1291,51920068,37529,47
1292,51922859,37555,47
1293,51925650,37582,43
1294,51928441,37608,43
1295,51931231,37634,46
1296,51934022,37660,47
1297,51936821,37686,47
1298,51939620,37711,46
1299,51942411,37737,46
1300,51945201,37762,46
1301,51947992,37787,48
1302,51950783,37812,48
1303,51953582,37837,46
1304,51956373,37862,47
1305,51959163,37886,47
1306,51961954,37910,49
1307,51964745,37934,49
1308,51967536,37958,48
1309,51970326,37982,49
1310,51973117,38006,49
1311,51975909,38030,50
1312,51978707,38053,50
1313,51981497,38076,46
1314,51984288,38100,46
1315,51987079,38123,46
1316,51989869,38145,49
1317,51992660,38168,50
1318,51995460,38191,50
1319,51998250,38213,48
1320,52001049,38236,48
1321,52003840,38258,50
1322,52006631,38280,48
1323,52009421,38302,48
1324,52012212,38323,48
1325,52015003,38345,48
1326,52017793,38366,50
1327,52020584,38387,49
1328,52023384,38408,49
1329,52026183,38430,48
1330,52028974,38450,48
1331,52031764,38471,50
1332,52034555,38492,50
1333,52037346,38512,50
1334,52040136,38532,50
1335,52042927,38553,49
1336,52045717,38572,49
1337,52048508,38592,49
1338,52051299,38612,49
1339,52054089,38632,49
1340,52056880,38651,51
1341,52059671,38671,51
1342,52062461,38690,48
1343,52065254,38709,48
1344,52068051,38728,48
1345,52070842,38747,50
1346,52073633,38766,50
1347,52076432,38784,51
1348,52079223,38803,47
1349,52082022,38822,47
1350,52084813,38840,47
1351,52087604,38858,47
1352,52090394,38876,48
1353,52093185,38894,49
1354,52095976,38912,49
1355,52098766,38930,48
1356,52101557,38948,48
1357,52104356,38965,48
1358,52107156,38982,49
1359,52109955,39000,49
1360,52112745,39017,48
1361,52115538,39034,48
1362,52118335,39051,49
1363,52121128,39068,48
1364,52123926,39085,48
1365,52126716,39102,46
1366,52129507,39118,46
1367,52132297,39135,46
1368,52135088,39152,48
1369,52137880,39168,48
1370,52140670,39184,48
1371,52143460,39201,45
1372,52146251,39216,45
1373,52149050,39232,45
1374,52151849,39248,45
1375,52154640,39264,48
1376,52157440,39280,48
1377,52160230,39296,48
1378,52163021,39312,47
1379,52165820,39327,47
1380,52168611,39342,45
1381,52171410,39358,46
1382,52174201,39373,46
1383,52176991,39389,47
1384,52179782,39404,47
1385,52182573,39419,47
1386,52185363,39434,47
1387,52188154,39449,47
1388,52190945,39464,46
1389,52193744,39479,44
1390,52196535,39494,44
1391,52199325,39509,45
1392,52202116,39523,45
1393,52204907,39538,45
1394,52207698,39552,47
1395,52210488,39567,47
1396,52213279,39582,45
1397,52216070,39596,43
1398,52218860,39610,43
1399,52221651,39625,43
1400,52224442,39640,43
1401,52227232,39654,47
1402,52230023,39668,45
1403,52232814,39682,45
1404,52235604,39696,44
1405,52238395,39711,44
1406,52241185,39725,45
1407,52243976,39739,45
1408,52246769,39753,45
1409,52249566,39767,45
1410,52252357,39781,45
1411,52255147,39795,44
1412,52257938,39809,46
1413,52260731,39823,46
1414,52263528,39837,45
1415,52266319,39851,43
1416,52269109,39864,43
1417,52271900,39878,45
1418,52274691,39893,45
1419,52277490,39907,46
1420,52280283,39920,45
1421,52283080,39934,45
1422,52285871,39948,46
1423,52288661,39962,46
1424,52291452,39976,45
1425,52294243,39990,46
1426,52297034,40004,46
1427,52299826,40018,45
1428,52302624,40032,45
1429,52305414,40045,46
1430,52308205,40059,47
1431,52310995,40073,47
1432,52313795,40087,44
1433,52316586,40101,45
1434,52319376,40115,45
1435,52322167,40129,46
1436,52324957,40143,46
1437,52327748,40158,47
1438,52330539,40171,46
1439,52333338,40185,46
1440,52336129,40200,47
1441,52338919,40214,47
1442,52341710,40228,47
1443,52344501,40242,47
1444,52347292,40256,47
1445,52350082,40270,48
1446,52352873,40285,50
1447,52355664,40299,50
1448,52358454,40313,50
1449,52361245,40328,50
1450,52364036,40343,47
1451,52366826,40357,47
1452,52369617,40372,47
1453,52372407,40386,49
1454,52375207,40401,49
1455,52377998,40416,50
1456,52380797,40431,50
1457,52383588,40445,50
1458,52386378,40460,51
1459,52389178,40475,51
1460,52391968,40490,50
1461,52394759,40505,51
1462,52397549,40520,51
1463,52400340,40536,53
1464,52403131,40551,51
1465,52405922,40566,51
1466,52408712,40582,53
1467,52411503,40598,53
1468,52414304,40613,51
1469,52417101,40629,52
1470,52419892,40645,52
1471,52422683,40661,53
1472,52425473,40677,53
1473,52428273,40692,53
1474,52431064,40709,53
1475,52433854,40725,53
1476,52436645,40741,54
1477,52439435,40757,54
1478,52442226,40774,54
1479,52445017,40790,54
1480,52447809,40807,54
1481,52450607,40823,57
1482,52453398,40840,57
1483,52456188,40857,57
1484,52458979,40874,55
1485,52461770,40891,55
1486,52464560,40908,55
1487,52467351,40926,55
1488,52470141,40943,55
1489,52472932,40960,57
1490,52475723,40978,57
1491,52478514,40996,58
1492,52481304,41013,58
1493,52484095,41031,58
1494,52486886,41050,58
1495,52489676,41068,59
1496,52492469,41086,59
1497,52495266,41104,58
1498,52498057,41123,58
1499,52500848,41141,59
1500,52503638,41160,59
1501,52506429,41179,59
1502,52509219,41198,61
1503,52512010,41217,61
1504,52514801,41236,61
1505,52517592,41255,58
1506,52520382,41274,58
1507,52523173,41294,61
1508,52525964,41314,62
1509,52528754,41333,62
1510,52531545,41353,62
1511,52534335,41373,62
1512,52537126,41393,60
1513,52539917,41414,61
1514,52542708,41434,61
1515,52545498,41455,63
1516,52548297,41475,63
1517,52551088,41496,62
1518,52553879,41517,62
1519,52556669,41538,62
1520,52559469,41560,63
1521,52562259,41581,63
1522,52565051,41602,64
1523,52567841,41624,64
1524,52570632,41646,64
1525,52573422,41668,62
1526,52576213,41690,62
1527,52579003,41712,62
1528,52581794,41735,65
1529,52584585,41757,65
1530,52587376,41780,64
1531,52590166,41803,63
1532,52592957,41826,63
1533,52595748,41849,65
1534,52598538,41872,65
1535,52601330,41896,64
1536,52604128,41919,64
1537,52606919,41943,64
1538,52609710,41967,65
1539,52612500,41991,65
1540,52615299,42015,65
1541,52618090,42039,63
1542,52620881,42064,63
1543,52623671,42088,62
1544,52626462,42113,66
1545,52629253,42138,66
1546,52632043,42163,64
1547,52634834,42188,64
1548,52637625,42214,63
1549,52640416,42239,64
1550,52643206,42265,64
1551,52645997,42291,63
1552,52648796,42317,63
1553,52651595,42343,62
1554,52654386,42369,63
1555,52657177,42396,63
1556,52659968,42422,60
1557,52662758,42449,63
1558,52665550,42476,63
1559,52668350,42503,63
1560,52671147,42531,63
1561,52673938,42558,61
1562,52676729,42586,61
1563,52679520,42613,61
1564,52682319,42641,67
1565,52685109,42669,67
1566,52687900,42698,58
1567,52690691,42726,60
1568,52693481,42754,60
1569,52696272,42783,64
1570,52699063,42812,64
1571,52701854,42841,59
1572,52704644,42870,58
1573,52707435,42900,58
1574,52710226,42929,62
1575,52713025,42959,57
1576,52715815,42989,57
1577,52718606,43019,60
1578,52721397,43049,60
1579,52724187,43079,57
1580,52726978,43110,55
1581,52729769,43140,55
1582,52732560,43171,57
1583,52735350,43202,57
1584,52738141,43233,56
1585,52740933,43264,58
1586,52743731,43296,58
1587,52746521,43328,54
1588,52749321,43360,53
1589,52752120,43391,53
1590,52754911,43424,56
1591,52757702,43455,56
1592,52760492,43488,49
1593,52763283,43520,54
1594,52766074,43553,54
1595,52768864,43586,54
1596,52771655,43619,54
1597,52774446,43652,54
1598,52777236,43685,50
1599,52780035,43718,50
1600,52782826,43752,49
1601,52785617,43786,49
1602,52788409,43820,52
1603,52791207,43854,45
1604,52794006,43888,45
1605,52796797,43922,46
1606,52799587,43957,46
1607,52802378,43992,46
1608,52805177,44026,49
1609,52807977,44061,49
1610,52810776,44096,44
1611,52813567,44131,43
1612,52816358,44167,43
1613,52819157,44202,48
1614,52821948,44238,48
1615,52824738,44273,40
1616,52827529,44309,42
1617,52830319,44345,42
1618,52833110,44382,41
1619,52835901,44418,41
1620,52838691,44454,45
1621,52841482,44490,37
1622,52844273,44527,37
1623,52847063,44564,41
1624,52849854,44601,41
1625,52852645,44638,41
1626,52855435,44675,39
1627,52858235,44713,39
1628,52861025,44750,38
1629,52863816,44788,39
1630,52866607,44826,39
1631,52869398,44863,38
1632,52872188,44901,38
1633,52874979,44939,34
1634,52877769,44977,35
1635,52880560,45016,35
1636,52883351,45054,37
1637,52886142,45093,36
1638,52888934,45131,36
1639,52891732,45170,30
1640,52894522,45209,30
1641,52897321,45248,36
1642,52900122,45288,33
1643,52902921,45327,33
1644,52905711,45366,31
1645,52908502,45405,31
1646,52911301,45445,28
1647,52914091,45485,36
1648,52916891,45524,36
1649,52919681,45564,30
1650,52922472,45604,30
1651,52925271,45644,29
1652,52928062,45684,29
1653,52930853,45725,29
1654,52933644,45765,31
1655,52936443,45805,26
1656,52939233,45846,26
1657,52942024,45886,27
1658,52944815,45927,27
1659,52947605,45968,28
1660,52950396,46008,28
1661,52953187,46049,28
1662,52955978,46090,25
1663,52958770,46131,25
1664,52961568,46172,25
1665,52964358,46213,27
1666,52967157,46255,27
1667,52969948,46296,24
1668,52972739,46337,23
1669,52975538,46379,23
1670,52978329,46420,24
1671,52981119,46462,24
1672,52983912,46504,29
1673,52986710,46545,19
1674,52989500,46587,19
1675,52992291,46629,24
1676,52995083,46671,24
1677,52997881,46713,23
1678,53000671,46755,26
1679,53003471,46797,26
1680,53006261,46839,19
1681,53009052,46881,19
1682,53011843,46923,24
1683,53014633,46965,23
1684,53017424,47008,23
1685,53020215,47050,20
1686,53023014,47092,18
1687,53025805,47135,18
1688,53028597,47177,21
1689,53031395,47219,21
1690,53034185,47262,22
1691,53036985,47304,19
1692,53039776,47347,19
1693,53042575,47390,22
1694,53045368,47432,22
1695,53048165,47475,20
1696,53050964,47517,19
1697,53053755,47560,19
1698,53056545,47602,14
1699,53059336,47645,22
1700,53062136,47688,22
1701,53064926,47730,17
1702,53067717,47773,17
1703,53070508,47815,18
1704,53073298,47858,17
1705,53076089,47901,17
1706,53078880,47943,21
1707,53081670,47986,21
1708,53084461,48028,16
1709,53087260,48071,16
1710,53090051,48113,16
1711,53092843,48156,21
1712,53095641,48199,21
1713,53098432,48241,16
1714,53101224,48284,18
1715,53104021,48327,18
1716,53106812,48369,14
1717,53109603,48412,18
1718,53112393,48454,18
1719,53115184,48497,13
1720,53117975,48539,13
1721,53120765,48582,17
1722,53123556,48624,16
1723,53126347,48667,16
1724,53129137,48709,17
1725,53131928,48751,17
1726,53134719,48794,13
1727,53137510,48836,13
1728,53140317,48878,13
1729,53143108,48921,18
1730,53145901,48963,11
1731,53148698,49005,11
1732,53151489,49047,15
1733,53154288,49089,15
1734,53157079,49131,12
1735,53159869,49173,18
1736,53162660,49215,18
1737,53165451,49257,8
1738,53168155,49297,8
1739,53170859,49337,16
1740,53173650,49380,14
1741,53176440,49421,14
1742,53179239,49462,12
1743,53182030,49504,12
1744,53184821,49545,11
1745,53187611,49587,16
1746,53190402,49628,16
1747,53193194,49669,14
1748,53195992,49711,11
1749,53198783,49752,11
1750,53201582,49792,12
1751,53204373,49833,12
1752,53207164,49874,15
1753,53209963,49915,14
1754,53212753,49956,14
1755,53215545,49996,10
1756,53218335,50036,10
1757,53221125,50077,15
1758,53223934,50117,15
1759,53226724,50157,15
1760,53229515,50198,13
1761,53232316,50237,13
1762,53235113,50278,10
1763,53237913,50317,18
1764,53240703,50357,18
1765,53243494,50397,14
1766,53246285,50436,14
1767,53249076,50475,14
1768,53251866,50515,13
1769,53254657,50554,13
1770,53257448,50593,20
1771,53260238,50631,13
1772,53263029,50670,13
1773,53265820,50709,16
1774,53268610,50747,16
1775,53271401,50786,17
1776,53274192,50824,20
1777,53276982,50862,20
1778,53279773,50900,14
1779,53282564,50938,14
1780,53285354,50976,20
1781,53288146,51014,19
1782,53290946,51052,19
1783,53293743,51089,20
1784,53296534,51126,19
1785,53299334,51164,19
1786,53302124,51200,20
1787,53304915,51238,20
1788,53307707,51274,22
1789,53310505,51311,19
1790,53313295,51348,19
1791,53316086,51384,22
1792,53318885,51420,22
1793,53321676,51456,25
1794,53324467,51493,24
1795,53327258,51528,24
1796,53330048,51564,19
1797,53332839,51599,30
1798,53335630,51635,30
1799,53338420,51670,24
1800,53341211,51705,24
1801,53344004,51740,26
1802,53346801,51775,23
1803,53349592,51810,23
1804,53352382,51844,31
1805,53355173,51879,31
1806,53357964,51913,28
1807,53360763,51947,26
1808,53363554,51981,26
1809,53366344,52015,30
1810,53369135,52049,30
1811,53371925,52082,28
1812,53374727,52116,33
1813,53377524,52149,33
1814,53380315,52182,28
1815,53383106,52215,35
1816,53385905,52248,35
1817,53388696,52280,32
1818,53391486,52313,32
1819,53394277,52345,32
1820,53397067,52377,34
1821,53399858,52409,34
1822,53402649,52441,29
1823,53405439,52472,29
1824,53408239,52504,37
1825,53411029,52535,36
1826,53413829,52567,36
1827,53416620,52597,35
1828,53419410,52629,37
1829,53422201,52659,37
1830,53424991,52690,37
1831,53427782,52720,37
1832,53430573,52750,40
1833,53433364,52780,39
1834,53436154,52810,39
1835,53438945,52840,36
1836,53441736,52869,36
1837,53444526,52899,40
1838,53447317,52928,40
1839,53450107,52957,40
1840,53452907,52986,42
1841,53455698,53015,42
1842,53458488,53043,41
1843,53461279,53072,41
1844,53464069,53100,41
1845,53466860,53128,43
1846,53469651,53156,43
1847,53472442,53184,43
1848,53475232,53212,41
1849,53478023,53239,41
1850,53480813,53266,45
1851,53483604,53293,44
1852,53486395,53320,44
1853,53489185,53347,42
1854,53491985,53374,42
1855,53494776,53400,47
1856,53497566,53426,44
1857,53500357,53453,44
1858,53503148,53479,45
1859,53505947,53504,47
1860,53508738,53530,47
1861,53511528,53556,48
1862,53514319,53581,48
1863,53517109,53606,47
1864,53519909,53631,48
1865,53522700,53656,48
1866,53525490,53681,44
1867,53528290,53706,44
1868,53531080,53730,47
1869,53533871,53754,48
1870,53536661,53779,48
1871,53539452,53803,46
1872,53542243,53826,46
1873,53545033,53850,48
1874,53547824,53873,50
1875,53550624,53897,50
1876,53553416,53920,48
1877,53556214,53943,47
1878,53559004,53966,47
1879,53561795,53989,49
1880,53564586,54011,49
1881,53567376,54034,49
1882,53570167,54056,48
1883,53572958,54078,48
1884,53575748,54100,49
1885,53578539,54122,49
1886,53581338,54144,51
1887,53584129,54166,50
1888,53586920,54187,50
1889,53589711,54208,49
1890,53592501,54230,49
1891,53595292,54251,47
1892,53598082,54272,49
1893,53600873,54293,49
1894,53603664,54313,50
1895,53606454,54334,49
1896,53609253,54354,49
1897,53612044,54375,50
1898,53614835,54395,50
1899,53617625,54415,50
1900,53620425,54435,48
1901,53623216,54454,48
1902,53626006,54474,49
1903,53628797,54494,49
1904,53631587,54513,50
1905,53634379,54532,48
1906,53637177,54552,48
1907,53639968,54570,48
1908,53642759,54589,49
1909,53645549,54608,49
1910,53648340,54627,49
1911,53651131,54645,49
1912,53653921,54663,49
1913,53656712,54682,49
1914,53659511,54700,49
1915,53662311,54718,48
1916,53665101,54736,48
1917,53667901,54754,49
1918,53670691,54771,49
1919,53673482,54789,49
1920,53676273,54807,48
1921,53679072,54824,48
1922,53681863,54841,48
1923,53684654,54858,48
1924,53687444,54876,48
1925,53690235,54892,48
1926,53693027,54909,49
1927,53695825,54926,49
1928,53698615,54943,48
1929,53701406,54959,48
1930,53704199,54976,47
1931,53706996,54993,46
1932,53709795,55009,46
1933,53712586,55025,47
1934,53715377,55041,47
1935,53718168,55057,47
1936,53720958,55073,45
1937,53723749,55089,45
1938,53726540,55105,46
1939,53729339,55121,48
1940,53732130,55136,48
1941,53734929,55152,48
1942,53737720,55167,48
1943,53740510,55183,47
1944,53743301,55198,45
1945,53746091,55214,45
1946,53748882,55229,45
1947,53751673,55244,45
1948,53754464,55259,46
1949,53757254,55274,46
1950,53760045,55289,46
1951,53762836,55304,45
1952,53765626,55319,45
1953,53768417,55334,45
1954,53771207,55348,46
1955,53773998,55363,46
1956,53776797,55378,46
1957,53779588,55393,45
1958,53782379,55407,45
1959,53785170,55421,47
1960,53787960,55436,47
1961,53790751,55451,45
1962,53793542,55465,42
1963,53796341,55479,42
1964,53799131,55493,44
1965,53801922,55508,44
1966,53804713,55522,46
1967,53807503,55536,45
1968,53810294,55550,45
1969,53813085,55564,44
1970,53815876,55579,44
1971,53818666,55593,44
1972,53821466,55607,45
1973,53824256,55620,45
1974,53827048,55635,44
1975,53829838,55649,45
1976,53832628,55662,45
1977,53835419,55676,47
1978,53838210,55690,47
1979,53841002,55704,45
1980,53843799,55718,43
1981,53846590,55732,43
1982,53849381,55746,44
1983,53852172,55760,44
1984,53854962,55774,46
1985,53857753,55788,46
1986,53860543,55801,46
1987,53863334,55815,45
1988,53866125,55829,46
1989,53868915,55843,46
1990,53871706,55857,45
1991,53874497,55871,45
1992,53877288,55885,45
1993,53880078,55899,46
1994,53882869,55913,46
1995,53885659,55926,47
1996,53888450,55940,47
1997,53891241,55955,47
1998,53894031,55969,45
1999,53896822,55982,45
2000,53899622,55996,46
2001,53902412,56011,46
2002,53905203,56025,48
2003,53907993,56039,46
2004,53910793,56053,46
2005,53913584,56067,47
2006,53916374,56082,48
2007,53919166,56096,48
2008,53921964,56110,48
2009,53924755,56124,48
2010,53927545,56139,48
2011,53930336,56153,49
2012,53933127,56168,49
2013,53935917,56182,49
2014,53938717,56197,49
2015,53941508,56211,49
2016,53944298,56226,47
2017,53947089,56241,47
2018,53949880,56255,50
2019,53952670,56270,51
2020,53955461,56285,51
2021,53958251,56300,49
2022,53961051,56315,49
2023,53963850,56330,51
2024,53966649,56346,51
2025,53969440,56361,51
2026,53972231,56376,51
2027,53975021,56391,51
2028,53977812,56406,51
2029,53980603,56422,53
2030,53983393,56437,53
2031,53986184,56453,54
2032,53988975,56469,54
2033,53991765,56485,53
2034,53994556,56500,52
2035,53997347,56516,52
2036,54000138,56532,51
2037,54002928,56549,53
2038,54005719,56565,53
2039,54008518,56581,55
2040,54011309,56597,55
2041,54014099,56614,55
2042,54016890,56630,55
2043,54019681,56647,55
2044,54022471,56664,54
2045,54025262,56680,54
2046,54028053,56697,56
2047,54030852,56714,58
2048,54033643,56732,58
2049,54036434,56749,54
2050,54039224,56766,55
2051,54042015,56783,55
2052,54044805,56801,57
2053,54047596,56819,57
2054,54050387,56836,59
2055,54053177,56854,56
2056,54055968,56872,56
2057,54058759,56890,57
2058,54061550,56908,57
2059,54064340,56927,60
2060,54067131,56945,61
2061,54069922,56963,61
2062,54072713,56982,59
2063,54075503,57001,59
2064,54078293,57019,59
2065,54081084,57038,59
2066,54083884,57058,59
2067,54086674,57077,61
2068,54089465,57096,61
2069,54092256,57116,61
2070,54095046,57135,59
2071,54097846,57155,59
2072,54100636,57175,61
2073,54103436,57195,63
2074,54106226,57215,63
2075,54109017,57235,63
2076,54111808,57255,63
2077,54114598,57276,60
2078,54117389,57297,63
2079,54120179,57317,63
2080,54122970,57338,63
2081,54125761,57359,63
2082,54128551,57380,62
2083,54131342,57401,61
2084,54134133,57423,61
2085,54136924,57445,64
2086,54139723,57466,65
2087,54142514,57488,65
2088,54145304,57510,62
2089,54148095,57532,62
2090,54150885,57554,63
2091,54153676,57577,64
2092,54156467,57599,64
2093,54159257,57622,66
2094,54162048,57645,66
2095,54164839,57668,62
2096,54167630,57691,63
2097,54170420,57714,63
2098,54173219,57738,67
2099,54176010,57762,63
2100,54178809,57785,63
2101,54181600,57809,63
2102,54184391,57833,63
2103,54187181,57857,65
2104,54189972,57882,63
2105,54192763,57906,63
2106,54195553,57931,63
2107,54198344,57956,63
2108,54201135,57981,64
2109,54203925,58006,65
2110,54206716,58031,65
2111,54209507,58056,61
2112,54212297,58082,61
2113,54215088,58107,63
2114,54217879,58134,67
2115,54220670,58160,67
2116,54223460,58186,61
2117,54226251,58212,63
2118,54229042,58238,63
2119,54231832,58265,65
2120,54234623,58292,65
2121,54237422,58319,63
2122,54240213,58346,61
2123,54243003,58373,61
2124,54245794,58401,61
2125,54248585,58428,61
2126,54251375,58456,61
2127,54254166,58484,61
2128,54256957,58512,61
2129,54259748,58540,64
2130,54262538,58569,64
2131,54265329,58597,58
2132,54268120,58626,61
2133,54270910,58655,61
2134,54273701,58684,59
2135,54276491,58713,60
2136,54279282,58742,60
2137,54282073,58772,63
2138,54284863,58802,63
2139,54287663,58832,58
2140,54290453,58862,55
2141,54293244,58892,55
2142,54296035,58922,59
2143,54298825,58952,59
2144,54301618,58983,55
2145,54304416,59014,59
2146,54307206,59046,59
2147,54309997,59077,54
2148,54312798,59108,55
2149,54315597,59140,55
2150,54318395,59171,55
2151,54321186,59203,55
2152,54323978,59235,56
2153,54326775,59267,54
2154,54329575,59299,54
2155,54332366,59331,49
2156,54335156,59364,49
2157,54337956,59396,53
2158,54340746,59429,55
2159,54343546,59462,55
2160,54346345,59496,50
2161,54349146,59529,50
2162,54351943,59562,51
2163,54354734,59595,50
2164,54357525,59629,50
2165,54360315,59663,49
2166,54363115,59697,48
2167,54365905,59731,48
2168,54368696,59765,48
2169,54371487,59800,48
2170,54374279,59834,50
2171,54377077,59869,44
2172,54379867,59903,44
2173,54382658,59939,46
2174,54385449,59974,46
2175,54388239,60009,46
2176,54391032,60045,46
2177,54393830,60080,46
2178,54396620,60116,40
2179,54399411,60151,43
2180,54402201,60188,43
2181,54404992,60224,43
2182,54407791,60260,43
2183,54410591,60296,42
2184,54413390,60333,39
2185,54416181,60370,39
2186,54418972,60406,41
2187,54421762,60443,41
2188,54424553,60480,42
2189,54427352,60518,34
2190,54430143,60555,34
2191,54432934,60592,40
2192,54435726,60630,36
2193,54438532,60667,36
2194,54441323,60705,41
2195,54444113,60743,41
2196,54446904,60781,36
2197,54449695,60819,35
2198,54452494,60858,35
2199,54455302,60896,31
2200,54458093,60935,31
2201,54460883,60973,38
2202,54463674,61012,32
2203,54466465,61051,32
2204,54469256,61090,33
2205,54472046,61128,33
2206,54474837,61168,29
2207,54477628,61207,35
2208,54480427,61246,35
2209,54483226,61286,29
2210,54486017,61326,30
2211,54488816,61365,30
2212,54491607,61405,29
2213,54494415,61445,29
2214,54497214,61485,34
2215,54500015,61525,25
2216,54502813,61565,25
2217,54505603,61605,28
2218,54508394,61646,28
2219,54511185,61686,28
2220,54513976,61727,28
2221,54516766,61767,28
2222,54519565,61807,23
2223,54522357,61848,31
2224,54525147,61889,31
2225,54527946,61930,26
2226,54530745,61971,26
2227,54533536,62011,25
2228,54536327,62053,23
2229,54539118,62094,23
2230,54541908,62135,29
2231,54544699,62177,29
2232,54547498,62218,24
2233,54550297,62259,22
2234,54553088,62301,22
2235,54555889,62342,25
2236,54558687,62384,25
2237,54561477,62426,24
2238,54564277,62468,23
2239,54567076,62510,23
2240,54569867,62551,21
2241,54572657,62593,25
2242,54575448,62635,25
2243,54578239,62677,21
2244,54581038,62719,21
2245,54583829,62761,22
2246,54586619,62803,21
2247,54589410,62845,21
2248,54592201,62888,23
2249,54594991,62930,23
2250,54597782,62972,17
2251,54600581,63014,21
2252,54603372,63056,21
2253,54606163,63099,22
2254,54608953,63141,24
2255,54611744,63184,24
2256,54614535,63226,17
2257,54617334,63269,17
2258,54620125,63311,19
2259,54622916,63353,20
2260,54625706,63396,20
2261,54628505,63438,18
2262,54631296,63481,18
2263,54634087,63523,18
2264,54636877,63566,18
2265,54639668,63608,18
2266,54642461,63651,21
2267,54645258,63693,21
2268,54648049,63736,14
2269,54650848,63779,19
2270,54653639,63821,19
2271,54656430,63864,18
2272,54659220,63906,20
2273,54662020,63949,20
2274,54664810,63991,15
2275,54667601,64034,15
2276,54670391,64076,19
2277,54673191,64119,19
2278,54675990,64162,19
2279,54678781,64204,15
2280,54681580,64246,15
2281,54684371,64289,15
2282,54687161,64331,17
2283,54689952,64374,17
2284,54692751,64416,18
2285,54695542,64459,11
2286,54698333,64501,11
2287,54701124,64543,18
2288,54703914,64585,18
2289,54706705,64628,15
2290,54709495,64670,16
2291,54712295,64712,16
2292,54715086,64755,12
2293,54717885,64797,12
2294,54720686,64839,17
2295,54723484,64881,15
2296,54726283,64923,15
2297,54729073,64965,12
2298,54731864,65007,12
2299,54734655,65049,14
2300,54737454,65091,15
2301,54740245,65133,15
2302,54743044,65174,12
2303,54745835,65216,12
2304,54748626,65257,12
2305,54751416,65299,15
2306,54754207,65340,15
2307,54756997,65382,12
2308,54759797,65423,14
2309,54762588,65464,14
2310,54765379,65505,10
2311,54768178,65547,10
2312,54770977,65588,17
2313,54773776,65629,10
2314,54776567,65669,10
2315,54779358,65710,13
2316,54782148,65751,13
2317,54784939,65791,13
2318,54787730,65832,17
2319,54790529,65872,17
2320,54793320,65913,9
2321,54796032,65952,15
2322,54798823,65992,15
2323,54801614,66032,14
2324,54804404,66072,14
2325,54807195,66111,14
2326,54809985,66151,12
2327,54812776,66191,12
2328,54815567,66230,17
2329,54818357,66270,17
2330,54821148,66309,15
2331,54823939,66348,14
2332,54826738,66387,14
2333,54829529,66426,14
2334,54832319,66465,20
2335,54835110,66504,20
2336,54837901,66543,15
2337,54840693,66581,15
2338,54843491,66619,17
2339,54846281,66658,16
2340,54849081,66696,16
2341,54851871,66734,22
2342,54854662,66772,22
2343,54857461,66810,15
2344,54860252,66848,20
2345,54863043,66885,20
2346,54865833,66922,20
2347,54868624,66960,20
2348,54871423,66997,23
2349,54874214,67034,16
2350,54877005,67070,16
2351,54879796,67107,24
2352,54882586,67144,21
2353,54885377,67180,21
2354,54888168,67217,22
2355,54890958,67253,22
2356,54893749,67289,18
2357,54896539,67325,27
2358,54899330,67361,27
2359,54902121,67396,25
2360,54904912,67432,25
2361,54907702,67467,22
2362,54910493,67502,27
2363,54913284,67537,27
2364,54916083,67572,27
2365,54918873,67607,27
2366,54921673,67642,27
2367,54924463,67676,24
2368,54927254,67711,24
2369,54930053,67745,31
2370,54932854,67779,29
2371,54935644,67813,29
2372,54938434,67846,29
2373,54941234,67880,29
2374,54944033,67914,29
2375,54946832,67947,31
2376,54949632,67980,31
2377,54952422,68013,30
2378,54955213,68046,30
2379,54958004,68078,27
2380,54960794,68111,36
2381,54963593,68143,36
2382,54966384,68175,34
2383,54969175,68208,33
2384,54971965,68239,33
2385,54974756,68271,35
2386,54977547,68303,35
2387,54980346,68334,35
2388,54983137,68365,36
2389,54985927,68396,36
2390,54988718,68427,32
2391,54991517,68458,32
2392,54994308,68488,39
2393,54997099,68519,39
2394,54999898,68549,39
2395,55002689,68579,35
2396,55005479,68609,40
2397,55008270,68639,40
2398,55011063,68668,40
2399,55013860,68698,40
2400,55016651,68727,39
2401,55019441,68757,40
2402,55022232,68785,40
2403,55025023,68814,39
2404,55027813,68843,39
2405,55030613,68871,43
2406,55033403,68900,40
2407,55036203,68928,40
2408,55038993,68956,40
2409,55041793,68984,40
2410,55044585,69012,45
2411,55047383,69039,43
2412,55050173,69066,43
2413,55052973,69094,42
2414,55055763,69120,47
2415,55058554,69148,47
2416,55061345,69174,45
2417,55064136,69201,45
2418,55066926,69227,44
2419,55069717,69253,47
2420,55072507,69280,47
2421,55075298,69305,44
2422,55078098,69331,44
2423,55080888,69357,47
2424,55083679,69382,46
2425,55086478,69408,46
2426,55089269,69433,46
2427,55092059,69458,47
2428,55094850,69483,47
2429,55097641,69507,49
2430,55100432,69532,49
2431,55103222,69556,45
2432,55106013,69580,48
2433,55108804,69605,48
2434,55111594,69628,50
2435,55114385,69652,50
2436,55117175,69676,47
2437,55119966,69699,46
2438,55122757,69723,46
2439,55125548,69746,48
2440,55128338,69769,48
2441,55131129,69792,51
2442,55133921,69814,48
2443,55136719,69837,48
2444,55139510,69859,47
2445,55142300,69881,49
2446,55145091,69904,49
2447,55147881,69926,50
2448,55150672,69947,50
2449,55153463,69969,50
2450,55156253,69991,49
2451,55159044,70012,49
2452,55161835,70033,50
2453,55164626,70055,50
2454,55167416,70075,49
2455,55170207,70096,48
2456,55173006,70117,48
2457,55175797,70138,49
2458,55178589,70158,51
2459,55181387,70179,51
2460,55184186,70199,49
2461,55186986,70219,49
2462,55189776,70239,48
2463,55192567,70259,51
2464,55195357,70278,51
2465,55198148,70298,51
2466,55200939,70317,51
2467,55203730,70336,46
2468,55206520,70356,48
2469,55209311,70375,48
2470,55212101,70394,50
2471,55214892,70412,50
2472,55217683,70431,50
2473,55220474,70450,48
2474,55223274,70468,48
2475,55226072,70487,49
2476,55228863,70505,48
2477,55231654,70523,48
2478,55234444,70542,50
2479,55237244,70560,50
2480,55240034,70578,47
2481,55242825,70595,46
2482,55245615,70613,46
2483,55248406,70630,47
2484,55251197,70647,47
2485,55253987,70665,49
2486,55256787,70682,48
2487,55259586,70699,48
2488,55262386,70716,46
2489,55265185,70733,48
2490,55267975,70750,48
2491,55270766,70766,49
2492,55273557,70783,49
2493,55276348,70799,48
2494,55279138,70816,46
2495,55281929,70832,46
2496,55284720,70848,47
2497,55287510,70864,47
2498,55290309,70881,47
2499,55293100,70897,46
2500,55295891,70912,46
2501,55298681,70928,47
2502,55301472,70944,47
2503,55304263,70960,46
2504,55307053,70975,45
2505,55309844,70990,45
2506,55312643,71006,45
2507,55315436,71021,48
2508,55318233,71037,48
2509,55321024,71052,47
2510,55323815,71067,47
2511,55326605,71082,44
2512,55329405,71097,45
2513,55332196,71112,45
2514,55334986,71127,45
2515,55337777,71142,45
2516,55340576,71157,45
2517,55343367,71171,44
2518,55346157,71186,44
2519,55348957,71201,46
2520,55351747,71215,45
2521,55354538,71230,45
2522,55357329,71244,45
2523,55360119,71259,45
2524,55362910,71273,45
2525,55365701,71287,47
2526,55368492,71302,47
2527,55371282,71316,45
2528,55374073,71330,45
2529,55376863,71344,43
2530,55379654,71358,44
2531,55382445,71373,44
2532,55385235,71387,46
2533,55388035,71401,46
2534,55390826,71415,45
2535,55393616,71429,44
2536,55396407,71443,44
2537,55399197,71457,45
2538,55401988,71471,45
2539,55404779,71485,45
2540,55407570,71499,46
2541,55410369,71513,46
2542,55413160,71527,46
2543,55415959,71540,45
2544,55418749,71554,45
2545,55421540,71568,46
2546,55424331,71582,46
2547,55427121,71596,44
2548,55429912,71610,44
2549,55432703,71624,44
2550,55435493,71638,45
2551,55438284,71652,46
2552,55441075,71666,46
2553,55443865,71680,46
2554,55446656,71694,46
2555,55449447,71708,45
2556,55452238,71721,46
2557,55455028,71735,46
2558,55457819,71749,48
2559,55460609,71763,48
2560,55463400,71777,47
2561,55466191,71791,47
2562,55468982,71805,47
2563,55471772,71819,45
2564,55474563,71833,45
2565,55477354,71847,46
2566,55480144,71861,47
2567,55482935,71876,47
2568,55485725,71890,45
2569,55488525,71904,47
2570,55491316,71919,47
2571,55494106,71933,49
2572,55496897,71947,49
2573,55499687,71962,48
2574,55502478,71976,48
2575,55505278,71990,48
2576,55508068,72005,48
2577,55510859,72019,48
2578,55513650,72034,50
2579,55516440,72049,50
2580,55519231,72063,50
2581,55522022,72078,50
2582,55524812,72093,50
2583,55527611,72108,49
2584,55530402,72123,51
2585,55533193,72138,51
2586,55535984,72153,49
2587,55538774,72168,50
2588,55541565,72183,50
2589,55544355,72198,53
2590,55547146,72214,53
2591,55549937,72229,52
2592,55552728,72245,51
2593,55555518,72260,51
2594,55558309,72276,53
2595,55561100,72292,53
2596,55563890,72307,54
2597,55566689,72323,54
2598,55569480,72339,54
2599,55572279,72356,54
2600,55575079,72372,51
2601,55577871,72388,51
2602,55580669,72404,53
2603,55583460,72421,53
2604,55586250,72437,55
2605,55589041,72454,55
2606,55591832,72470,55
2607,55594622,72487,54
2608,55597413,72504,54
2609,55600212,72521,55
2610,55603003,72538,55
2611,55605793,72555,55
2612,55608584,72572,59
2613,55611375,72590,59
2614,55614183,72607,58
2615,55616982,72625,55
2616,55619773,72642,55
2617,55622564,72660,57
2618,55625354,72678,58
2619,55628145,72696,58
2620,55630936,72714,59
2621,55633726,72733,59
2622,55636517,72751,56
2623,55639307,72769,59
2624,55642098,72788,59
2625,55644889,72806,61
2626,55647679,72825,61
2627,55650470,72844,61
2628,55653261,72863,59
2629,55656051,72882,59
2630,55658851,72902,58
2631,55661641,72921,61
2632,55664432,72941,61
2633,55667223,72960,62
2634,55670014,72980,62
2635,55672804,73000,61
2636,55675595,73020,61
2637,55678386,73040,61
2638,55681176,73061,62
2639,55683975,73081,62
2640,55686766,73102,62
2641,55689557,73122,63
2642,55692347,73143,63
2643,55695147,73164,61
2644,55697937,73186,61
2645,55700728,73206,61
2646,55703519,73228,63
2647,55706311,73250,63
2648,55709109,73271,63
2649,55711900,73293,62
2650,55714690,73315,62
2651,55717481,73337,63
2652,55720272,73359,63
2653,55723062,73381,64
2654,55725855,73404,63
2655,55728652,73427,63
2656,55731443,73449,64
2657,55734234,73472,64
2658,55737024,73496,64
2659,55739824,73519,64
2660,55742614,73542,64
2661,55745405,73566,64
2662,55748195,73589,65
2663,55750986,73613,65
2664,55753777,73637,64
2665,55756568,73661,64
2666,55759358,73685,62
2667,55762149,73710,62
2668,55764939,73734,62
2669,55767730,73759,64
2670,55770521,73784,64
2671,55773320,73809,65
2672,55776111,73834,66
2673,55778901,73860,66
2674,55781692,73885,65
2675,55784483,73911,65
2676,55787274,73937,63
2677,55790064,73963,64
2678,55792855,73989,64
2679,55795646,74016,61
2680,55798436,74042,59
2681,55801227,74068,59
2682,55804018,74095,65
2683,55806808,74122,65
2684,55809599,74149,63
2685,55812398,74176,60
2686,55815197,74204,60
2687,55817988,74231,63
2688,55820779,74259,63
2689,55823578,74287,65
2690,55826369,74315,59
2691,55829168,74343,59
2692,55831959,74371,61
2693,55834750,74400,64
2694,55837549,74428,64
2695,55840340,74458,59
2696,55843130,74486,59
2697,55845921,74516,60
2698,55848720,74545,56
2699,55851511,74574,56
2700,55854301,74604,59
2701,55857092,74634,59
2702,55859892,74664,58
2703,55862682,74693,56
2704,55865473,74724,56
2705,55868264,74754,59
2706,55871063,74785,59
2707,55873854,74815,59
2708,55876644,74846,54
2709,55879435,74877,54
2710,55882234,74909,60
2711,55885025,74940,54
2712,55887815,74971,54
2713,55890606,75003,55
2714,55893397,75035,55
2715,55896196,75067,55
2716,55898987,75099,52
2717,55901786,75131,52
2718,55904577,75164,54
2719,55907367,75196,54
2720,55910159,75229,53
2721,55912949,75262,54
2722,55915748,75295,54
2723,55918548,75328,48
2724,55921338,75362,49
2725,55924129,75395,49
2726,55926919,75429,53
2727,55929710,75462,53
2728,55932501,75497,47
2729,55935300,75531,47
2730,55938091,75565,47
2731,55940890,75599,49
2732,55943681,75634,49
2733,55946471,75669,50
2734,55949262,75703,44
2735,55952053,75738,44
2736,55954843,75773,47
2737,55957634,75809,47
2738,55960425,75844,47
2739,55963215,75880,44
2740,55966006,75915,44
2741,55968797,75951,44
2742,55971588,75987,42
2743,55974378,76023,42
2744,55977169,76060,45
2745,55979960,76096,45
2746,55982750,76132,35
2747,55985541,76169,42
2748,55988340,76206,42
2749,55991139,76243,40
2750,55993930,76280,40
2751,55996721,76317,39
2752,55999512,76354,36
2753,56002302,76392,36
2754,56005093,76429,39
2755,56007884,76467,39
2756,56010683,76505,38
2757,56013484,76543,35
2758,56016290,76581,35
2759,56019081,76619,35
2760,56021871,76657,38
2761,56024671,76696,38
2762,56027470,76734,34
2763,56030261,76773,34
2764,56033060,76812,32
2765,56035851,76851,35
2766,56038641,76890,35
2767,56041432,76929,35
2768,56044223,76968,35
2769,56047013,77007,31
2770,56049804,77046,30
2771,56052595,77086,30
2772,56055387,77126,33
2773,56058185,77166,32
2774,56060984,77206,32
2775,56063775,77245,29
2776,56066565,77285,29
2777,56069356,77325,29
2778,56072147,77366,31
2779,56074938,77406,31
2780,56077728,77446,28
2781,56080519,77487,28
2782,56083318,77528,26
2783,56086109,77568,30
2784,56088908,77609,30
2785,56091707,77650,28
2786,56094498,77691,24
2787,56097298,77732,24
2788,56100088,77773,23
2789,56102879,77814,23
2790,56105669,77855,29
2791,56108460,77896,22
2792,56111260,77938,22
2793,56114059,77979,26
2794,56116850,78020,26
2795,56119640,78062,23
2796,56122431,78104,28
2797,56125230,78145,28
2798,56128030,78187,19
2799,56130820,78229,19
2800,56133619,78271,25
2801,56136419,78313,23
2802,56139209,78355,23
2803,56142003,78396,22
2804,56144800,78439,18
2805,56147599,78481,18
2806,56150390,78522,24
2807,56153191,78565,24
2808,56155988,78607,23
2809,56158779,78649,19
2810,56161569,78691,19
2811,56164360,78733,21
2812,56167151,78775,21
2813,56169942,78818,21
2814,56172732,78860,22
2815,56175523,78903,22
2816,56178322,78945,18
2817,56181122,78988,24
2818,56183912,79030,24
2819,56186703,79073,18
2820,56189494,79115,18
2821,56192284,79157,20
2822,56195077,79200,15
2823,56197874,79243,15
2824,56200665,79285,24
2825,56203455,79328,24
2826,56206255,79370,17
2827,56209045,79413,16
2828,56211845,79456,16
2829,56214636,79498,19
2830,56217435,79541,19
2831,56220226,79584,19
2832,56223016,79626,17
2833,56225815,79669,17
2834,56228606,79712,15
2835,56231408,79754,23
2836,56234205,79797,23
2837,56236995,79840,15
2838,56239795,79882,15
2839,56242594,79925,18
2840,56245394,79968,16
2841,56248184,80010,16
2842,56250984,80052,19
2843,56253774,80095,19
2844,56256565,80138,13
2845,56259355,80180,15
2846,56262146,80223,15
2847,56264937,80265,18
2848,56267727,80307,16
2849,56270518,80350,16
2850,56273309,80392,14
2851,56276108,80434,14
2852,56278899,80477,13
2853,56281691,80519,18
2854,56284489,80561,18
2855,56287288,80604,11
2856,56290079,80646,11
2857,56292871,80688,15
2858,56295669,80730,13
2859,56298459,80772,13
2860,56301259,80814,19
2861,56304051,80856,19
2862,56306849,80898,9
2863,56309553,80939,14
2864,56312352,80980,14
2865,56315143,81022,13
2866,56317934,81064,16
2867,56320733,81105,16
2868,56323524,81147,11
2869,56326314,81188,11
2870,56329105,81230,14
2871,56331896,81271,14
2872,56334686,81312,14
2873,56337477,81353,10
2874,56340276,81394,10
2875,56343068,81435,12
2876,56345857,81476,13
2877,56348649,81517,13
2878,56351448,81558,14
2879,56354247,81598,14
2880,56357038,81639,10
2881,56359837,81680,16
2882,56362629,81720,16
2883,56365427,81760,14
2884,56368218,81800,15
2885,56371008,81841,15
2886,56373799,81881,11
2887,56376589,81920,11
2888,56379398,81961,19
2889,56382188,82000,13
2890,56384979,82040,13
2891,56387770,82080,15
2892,56390569,82119,15
2893,56393361,82158,13
2894,56396159,82198,19
2895,56398950,82236,19
2896,56401740,82276,12
2897,56404531,82314,18
2898,56407331,82353,18
2899,56410121,82392,16
2900,56412911,82430,16
2901,56415702,82469,21
2902,56418493,82507,13
2903,56421292,82545,13
2904,56424083,82583,19
2905,56426874,82621,19
2906,56429664,82659,18
2907,56432455,82696,19
2908,56435245,82734,19
2909,56438036,82771,17
2910,56440827,82808,17
2911,56443626,82846,23
2912,56446417,82882,22
2913,56449207,82919,22
2914,56451998,82956,18
2915,56454798,82992,20
2916,56457599,83029,20
2917,56460396,83065,26
2918,56463187,83102,26
2919,56465978,83137,24
2920,56468777,83174,21
2921,56471576,83209,21
2922,56474367,83245,26
2923,56477158,83280,26
2924,56479948,83315,26
2925,56482739,83351,27
2926,56485530,83385,27
2927,56488320,83421,22
2928,56491119,83455,30
2929,56493919,83490,30
2930,56496709,83524,27
2931,56499500,83559,27
2932,56502291,83592,27
2933,56505083,83627,30
2934,56507881,83660,30
2935,56510671,83694,29
2936,56513462,83727,29
2937,56516253,83761,30
2938,56519043,83794,29
2939,56521834,83827,29
2940,56524633,83860,36
2941,56527424,83892,36
2942,56530215,83925,30
2943,56533006,83957,30
2944,56535796,83990,30
2945,56538587,84022,34
2946,56541378,84054,35
2947,56544179,84086,35
2948,56546976,84117,37
2949,56549767,84149,37
2950,56552558,84180,34
2951,56555348,84211,38
2952,56558139,84242,38
2953,56560929,84273,37
2954,56563720,84304,37
2955,56566511,84334,34
2956,56569301,84364,40
2957,56572092,84395,40
2958,56574883,84425,37
2959,56577673,84455,37
2960,56580464,84484,37
2961,56583255,84514,39
2962,56586046,84543,39
2963,56588836,84572,40
2964,56591627,84601,43
2965,56594426,84630,43
2966,56597217,84659,39
2967,56600016,84687,39
2968,56602807,84716,42
2969,56605597,84744,45
2970,56608388,84772,45
2971,56611179,84800,42
2972,56613969,84828,42
2973,56616760,84855,42
2974,56619551,84883,46
2975,56622341,84910,46
2976,56625132,84937,43
2977,56627932,84965,42
2978,56630722,84991,42
2979,56633521,85018,45
2980,56636321,85044,45
2981,56639111,85071,44
2982,56641902,85097,46
2983,56644693,85123,46
2984,56647483,85149,45
2985,56650274,85174,45
2986,56653065,85200,46
2987,56655856,85225,48
2988,56658646,85250,48
2989,56661437,85275,48
2990,56664228,85300,48
2991,56667018,85324,45
2992,56669809,85349,48
2993,56672599,85373,48
2994,56675390,85398,49
2995,56678181,85422,45
2996,56680972,85446,45
2997,56683762,85470,50
2998,56686553,85493,50
2999,56689343,85517,50
3000,56692134,85540,46
3001,56694925,85563,46
3002,56697715,85587,47
3003,56700506,85610,47
3004,56703297,85632,51
3005,56706096,85655,49
3006,56708896,85677,49
3007,56711686,85700,48
3008,56714478,85722,49
3009,56717276,85744,49
3010,56720067,85766,51
3011,56722857,85788,51
3012,56725648,85809,48
3013,56728439,85831,50
3014,56731230,85852,50
3015,56734020,85873,49
3016,56736811,85894,49
3017,56739602,85915,50
3018,56742392,85936,48
3019,56745183,85956,48
3020,56747974,85977,49
3021,56750764,85998,49
3022,56753555,86018,49
3023,56756345,86038,49
3024,56759136,86058,49
3025,56761927,86077,50
3026,56764717,86097,48
3027,56767508,86117,48
3028,56770299,86136,50
3029,56773098,86156,50
3030,56775889,86175,51
